name,coe,unit,departmentname,announcementyear
伸縮膜(LLDPE),3.69,公斤(kg),環境部,2023
苯乙烯-乙烯/丁烯-苯乙烯熱塑性彈性體,4.74,公斤(kg),環境部,2023
標籤紙(PET),0.0135,張,環境部,2023
高密度聚乙烯(HDPE),2.21,公斤(kg),環境部,2023
聚丙烯(PP),1.95,公斤(kg),環境部,2023
紙棧板,1.01,公斤(kg),環境部,2023
角紙,1.02,公斤(kg),環境部,2023
裱面紙板,1.6,公斤(kg),環境部,2023
瓦楞芯紙,0.988,公斤(kg),環境部,2023
牛皮紙,1.22,公斤(kg),環境部,2023
瓦楞紙板(B楞),0.813,公斤(kg),環境部,2023
瓦楞紙板(A楞),1.06,公斤(kg),環境部,2023
瓦楞紙板(AB楞),1.3,公斤(kg),環境部,2023
單層瓦楞紙箱(加權平均),1.1,平方公尺(m2),環境部,2023
單層瓦楞紙箱(B楞，貼箱),1.03,平方公尺(m2),環境部,2023
單層瓦楞紙箱(B楞，釘箱),0.895,平方公尺(m2),環境部,2023
單層瓦楞紙箱(A楞，貼箱),1.11,平方公尺(m2),環境部,2023
單層瓦楞紙箱(A楞，釘箱),1.21,平方公尺(m2),環境部,2023
雙層瓦楞紙箱(AB楞，加權平均),1.46,平方公尺(m2),環境部,2023
雙層瓦楞紙箱(AB楞，貼箱),1.33,平方公尺(m2),環境部,2023
雙層瓦楞紙箱(AB楞，釘箱),1.69,平方公尺(m2),環境部,2023
濃硫酸,0.289,公斤(kg),環境部,2023
偏矽酸鈉,0.887,公斤(kg),環境部,2023
AOS界面活性劑,1.4,公斤(kg),環境部,2023
硫酸酯鹽界面活性劑,1.06,公斤(kg),環境部,2023
焊帶(太陽光電模組材料),12,公斤(kg),經濟部標準檢驗局,2023
單結晶矽電池太陽光電模組(60片6吋)-半切割型(120子片),377,片,經濟部標準檢驗局,2023
太陽光電電場發電,0.00961,度(kwh),經濟部標準檢驗局,2023
潤滑油(未燃燒，2021),1.09,公斤(kg),環境部,2023
煤油(未燃燒，2021),0.353,公升(L),環境部,2023
煤油使用(2021),2.91,公升(L),環境部,2023
液化石油氣(未燃燒，2021),0.453,公升(L),環境部,2023
液化石油氣(於固定源使用，2021),2.21,公升(L),環境部,2023
天然氣(於固定源使用，2021),2.63,立方公尺(m3),環境部,2023
天然氣(未燃燒，2021),0.519,立方公尺(m3),環境部,2023
車用汽油(於移動源使用，2021),2.92,公升(L),環境部,2023
車用汽油(於固定源使用，2021),2.88,公升(L),環境部,2023
車用汽油(未燃燒，2021),0.604,公升(L),環境部,2023
柴油(於捕撈移動源使用，2021),3.29,公升(L),環境部,2023
柴油(於水路運輸移動源使用，2021),3.3,公升(L),環境部,2023
柴油(於鐵路運輸與非道路運輸移動源使用，2021),3.56,公升(L),環境部,2023
柴油(於公路運輸移動源使用，2021),3.32,公升(L),環境部,2023
柴油(於固定源使用，2021),3.29,公升(L),環境部,2023
柴油(未燃燒，2021),0.673,公升(L),環境部,2023
燃料油未燃燒(蒸餘油/重油未燃燒，2021),0.764,公升(L),環境部,2023
燃料油使用(蒸餘油/重油使用，2021),3.88,公升(L),環境部,2023
電力間接碳足跡(2021),0.0973,度(kwh),環境部,2023
電力碳足跡(2021),0.606,度(kwh),環境部,2023
臺北自來水(2020),0.0948,立方公尺(m3),環境部,2022
臺灣自來水(2020),0.233,立方公尺(m3),環境部,2022
國際海運貨物運輸服務(本國籍貨櫃船，歐美長程航線),0.0649,每個20呎標準貨櫃-每公里(TEU-km),環境部,2022
營業小貨車(汽油),0.683,延噸公里(tkm),環境部,2022
營業小貨車(柴油),0.587,延噸公里(tkm),環境部,2022
營業大貨車(柴油),0.131,延噸公里(tkm),環境部,2022
乙二醇,1.81,公斤(kg),環境部,2022
通用級聚苯乙烯(GPPS),2.74,公斤(kg),環境部,2022
氯乙烯單體(VCM),2.26,公斤(kg),環境部,2022
對苯二甲酸(PTA),1.87,公斤(kg),環境部,2022
聚對苯二甲酸乙二酯(PET),2.74,公斤(kg),環境部,2022
太陽能LED燈具,447,盞,環境部,2022
甘蔗吸管,0.00478,支,環境部,2022
PET隔熱膜(2019),9.76,平方公尺(m2),環境部,2022
PET隔熱膜(2017),17.1,平方公尺(m2),環境部,2022
團體膳食服務(不區分供應的對象) (2019),1.29,每人每餐,環境部,2022
團體膳食服務(不區分供應的對象) (2018),3.97,每人每餐,環境部,2022
氟化鈣污泥處理服務(物理處理),336,公噸(mt),中聯資源股份有限公司,2022
人造螢石(太空袋裝),584,袋,中聯資源股份有限公司,2022
鋁錠(散裝),189,公噸(mt),中聯資源股份有限公司,2022
鋁錐(太空袋裝),724,袋,中聯資源股份有限公司,2022
礦物細料(石灰質細料，散裝),32.4,公噸(mt),中聯資源股份有限公司,2022
鐵渣(煤灰礦泥拌合料，散裝),4.61,公噸(mt),中聯資源股份有限公司,2022
轉爐石細料(散裝),14.8,公噸(mt),中聯資源股份有限公司,2022
瀝青鋪面用粒料(散裝),9.56,公噸(mt),中聯資源股份有限公司,2022
氣冷高爐石級配料(散裝),4.98,公噸(mt),中聯資源股份有限公司,2022
氣冷轉爐石級配料(散裝),5.77,公噸(mt),中聯資源股份有限公司,2022
地質改良處理劑(50公斤，紙袋裝),18.2,包,中聯資源股份有限公司,2022
地質改良處理劑(太空袋裝),363,袋,中聯資源股份有限公司,2022
地質改良處理劑(散裝),359,公噸(mt),中聯資源股份有限公司,2022
新型高爐水泥(50公斤，紙袋裝),25.6,包,中聯資源股份有限公司,2022
卜特蘭高爐爐碴水泥(太空袋裝),573,袋,中聯資源股份有限公司,2022
卜特蘭高爐爐碴水泥(散裝),604,公噸(mt),中聯資源股份有限公司,2022
飛灰爐石粉(散裝),46.8,公噸(mt),中聯資源股份有限公司,2022
混凝土及水泥砂漿用水淬高爐爐碴粉(太空袋裝),59.3,袋,中聯資源股份有限公司,2022
混凝土及水泥砂漿用水淬高爐爐碴粉(散裝，含轉運),61.3,公噸(mt),中聯資源股份有限公司,2022
混凝土及水泥砂漿用水淬高爐爐碴粉(散裝，不含轉運),58.9,公噸(mt),中聯資源股份有限公司,2022
預拌混凝土(350kgf/cm2，飛灰爐石替代率50％),244,立方公尺(m3),亞東預拌混凝土股份有限公司,2022
預拌混凝土(350kgf/cm2，飛灰爐石替代率30％),341,立方公尺(m3),亞東預拌混凝土股份有限公司,2022
預拌混凝土(280kgf/cm2，飛灰爐石替代率50％),214,立方公尺(m3),亞東預拌混凝土股份有限公司,2022
預拌混凝土(280kgf/cm2，飛灰爐石替代率30％),301,立方公尺(m3),亞東預拌混凝土股份有限公司,2022
精製細砂(25公斤),28.9,公斤(kg),台灣糖業股份有限公司小港廠,2022
精製特砂(50公斤),57.7,公斤(kg),台灣糖業股份有限公司小港廠,2022
精製特砂(25公斤),28.9,公斤(kg),台灣糖業股份有限公司小港廠,2022
精製二砂(25公斤),28.9,公斤(kg),台灣糖業股份有限公司小港廠,2022
轉化液糖(20公噸),23800,公噸(mt),台灣糖業股份有限公司小港廠,2022
特製液糖(20公噸),23800,公噸(mt),台灣糖業股份有限公司小港廠,2022
單結晶矽電池BIPV鋼板太陽光電模組(24片6吋),182,片,經濟部標準檢驗局,2022
單結晶矽電池(6吋),5.9,片,經濟部標準檢驗局,2022
玻璃容器,1.15,公斤(kg),環境部,2022
氮氣，99.9999％,0.123,公斤(kg),環境部,2022
氫氧化鈉，32％,0.667,公斤(kg),環境部,2022
氫氧化鈉，45％,0.675,公斤(kg),環境部,2022
潤滑油(未燃燒，2020),1.09,公斤(kg),環境部,2022
煤油(未燃燒，2020),0.411,公升(L),環境部,2022
煤油使用(2020),2.98,公升(L),環境部,2022
液化石油氣(未燃燒，2020),0.467,公升(L),環境部,2022
液化石油氣(於固定源使用，2020),2.22,公升(L),環境部,2022
天然氣(未燃燒，2020),0.516,立方公尺(m3),環境部,2022
天然氣(於固定源使用，2020),2.63,立方公尺(m3),環境部,2022
車用汽油(於移動源使用，2020),3.01,公升(L),環境部,2022
車用汽油(於固定源使用，2020),2.93,公升(L),環境部,2022
車用汽油(未燃燒，2020),0.657,公升(L),環境部,2022
柴油（於捕撈移動源使用，2020）,3.35,公升(L),環境部,2022
柴油（於水路運輸移動源使用，2020）,3.36,公升(L),環境部,2022
柴油（於鐵路運輸與非道路運輸移動源使用，2020）,3.61,公升(L),環境部,2022
柴油(於公路運輸移動源使用，2020),3.38,公升(L),環境部,2022
柴油(於固定源使用，2020),3.34,公升(L),環境部,2022
柴油(未燃燒，2020),0.73,公升(L),環境部,2022
燃料油未燃燒(蒸餘油/重油未燃燒，2020),0.829,公升(L),環境部,2022
燃料油使用(蒸餘油/重油使用，2020),3.95,公升(L),環境部,2022
電力間接碳足跡(2020),0.0882,度(kwh),環境部,2022
電力碳足跡(2020),0.59,度(kwh),環境部,2022
氫氧化鈣(熟石灰),1.59,公斤(kg),環境部,2021
精鹽（食用鹽）,0.0688,公斤(kg),環境部,2021
液化石油氣(於固定源使用，2019),2.22,公升(L),環境部,2021
聚醯胺絲,9.31,公斤(kg),環境部,2021
柴油（於鐵路運輸與非道路運輸移動源使用，2019）,3.61,公升(L),環境部,2021
天然氣(未燃燒，2019),0.451,立方公尺(m3),環境部,2021
聚氯乙烯,3.02,公斤(kg),環境部,2021
柴油(於公路運輸移動源使用，2019),3.38,公升(L),環境部,2021
天然氣(於固定源使用，2019),2.56,立方公尺(m3),環境部,2021
車用汽油(於移動源使用，2019),3.02,公升(L),環境部,2021
潤滑油(未燃燒，2019),1.02,公斤(kg),環境部,2021
車用汽油(於固定源使用，2019),2.93,公升(L),環境部,2021
柴油(於固定源使用，2019),3.35,公升(L),環境部,2021
車用汽油(未燃燒，2019),0.66,公升(L),環境部,2021
柴油(未燃燒，2019),0.733,公升(L),環境部,2021
燃料油未燃燒(蒸餘油/重油未燃燒，2019),0.832,公升(L),環境部,2021
柴油（於捕撈移動源使用，2019）,3.36,公升(L),環境部,2021
煤油(未燃燒，2019),0.413,公升(L),環境部,2021
燃料油使用(蒸餘油/重油使用，2019),3.95,公升(L),環境部,2021
煤油使用(2019),2.98,公升(L),環境部,2021
柴油（於水路運輸移動源使用，2019）,3.36,公升(L),環境部,2021
液化石油氣(未燃燒，2019),0.467,公升(L),環境部,2021
電力間接碳足跡 (2019),0.0923,度(kwh),環境部,2021
電力碳足跡(2019),0.601,度(kwh),環境部,2021
鳳梨酥,0.194,顆,舊振南食品股份有限公司,2020
銀行臨櫃服務,1.41,每服務人次,第一商業銀行股份有限公司,2020
洗潔精(4830ml),5.94,瓶,耐斯企業股份有限公司,2020
洗潔精(965ml),1.32,瓶,耐斯企業股份有限公司,2020
人身保險服務,8.05,件,南山人壽保險股份有限公司,2020
PVC膠帶(0.13mm*18mm*16M),0.28,卷,地球綜合工業股份有限公司,2020
OPP膠帶(0.043mm*48mm*80M),0.97,卷,地球綜合工業股份有限公司,2020
PVC膠帶(0.17mm*48mm*12M),0.78,卷,地球綜合工業股份有限公司,2020
OPP膠帶(0.04mm*48mm*35M),0.52,卷,地球綜合工業股份有限公司,2020
信用卡,0.873,張,玉山商業銀行股份有限公司,2020
環保抽取式衛生紙,0.279,包,正隆股份有限公司竹北廠,2020
抽取式衛生紙,0.402,包,正隆股份有限公司竹北廠,2020
環保抽取式擦手紙巾,0.739,包,正隆股份有限公司竹北廠,2020
廢(污)水處理服務(科技部南部科學園區高雄園區污水處理廠),0.3,立方公尺(m3),惠民實業股份有限公司,2020
廢(污)水處理服務(科技部新竹科學工業園區管理局竹南園區污水處理廠),0.553,立方公尺(m3),中欣行股份有限公司,2020
廢(污)水處理服務(羅東地區水資源回收中心),0.34,立方公尺(m3),山林水環境工程股份有限公司,2020
郵局郵件遞送服務,0.205,公克(g),中華郵政股份有限公司,2020
多孔隙瀝青混凝土(混和料比例3.3％),0.134,公斤(kg),公路總局西部濱海公路南區臨時工程處,2020
粗級配瀝青混凝土(混和料比例2.9％),0.129,公斤(kg),公路總局西部濱海公路南區臨時工程處,2020
密級配瀝青混凝土(混和料比例2.9％),0.129,公斤(kg),公路總局西部濱海公路南區臨時工程處,2020
早強預拌混凝土(420 kgf/cm2),370,立方公尺(m3),公路總局西部濱海公路南區臨時工程處,2020
預力梁用預拌混凝土(350 kgf/cm2),407,立方公尺(m3),公路總局西部濱海公路南區臨時工程處,2020
自充填預拌混凝土(350 kgf/cm2),375,立方公尺(m3),公路總局西部濱海公路南區臨時工程處,2020
預拌混凝土(280 kgf/cm2),338,立方公尺(m3),公路總局西部濱海公路南區臨時工程處,2020
預拌混凝土(245 kgf/cm2),252,立方公尺(m3),公路總局西部濱海公路南區臨時工程處,2020
預拌水中混凝土(210 kgf/cm2),346,立方公尺(m3),公路總局西部濱海公路南區臨時工程處,2020
預拌混凝土(210 kgf/cm2),238,立方公尺(m3),公路總局西部濱海公路南區臨時工程處,2020
預拌混凝土(175 kgf/cm2),224,立方公尺(m3),公路總局西部濱海公路南區臨時工程處,2020
預拌混凝土(140 kgf/cm2),200,立方公尺(m3),公路總局西部濱海公路南區臨時工程處,2020
鋼筋混凝土用鋼筋(SD420W),0.834,公斤(kg),公路總局西部濱海公路南區臨時工程處,2020
鋼筋混凝土用鋼筋(SD280W),0.835,公斤(kg),公路總局西部濱海公路南區臨時工程處,2020
卜特蘭水泥(Ⅱ型),0.981,公斤(kg),公路總局西部濱海公路南區臨時工程處,2020
黑咖啡,0.304,杯,環境部,2020
包裝飲用水(1460ml，PET包裝),0.253,瓶,泰山企業股份有限公司,2020
包裝飲用水(600ml，PET包裝),0.121,瓶,泰山企業股份有限公司,2020
再生高壓透水混凝土地磚(30cm*30cm*6cm),2.65,片,健源有限公司,2020
再生高壓透水混凝土地磚(20cm*20cm*6cm),1.18,片,健源有限公司,2020
再生高壓透水混凝土地磚(20cm*10cm*6cm),0.59,片,健源有限公司,2020
高壓透水混凝土地磚(30cm*30cm*6cm),2.38,片,健源有限公司,2020
高壓透水混凝土地磚(20cm*20cm*6cm),1.06,片,健源有限公司,2020
高壓透水混凝土地磚(20cm*10cm*6cm),0.53,片,健源有限公司,2020
多結晶矽電池太陽光電模組(72片6吋),336,片,經濟部標準檢驗局,2020
單結晶矽電池太陽光電模組(72片6吋),465,片,經濟部標準檢驗局,2020
優格,4.33,公斤(kg),衛生福利部食品藥物管理署,2020
麥芽調味乳,3.31,公升(L),衛生福利部食品藥物管理署,2020
溫度米(台梗16號),3,包,環境部,2020
廢棄物焚化處理服務(岡山垃圾焚化廠),360,公噸(mt),環境部,2020
海苔,0.075,包,環境部,2020
精華霜,0.55,罐,環境部,2020
聚酯棉,4.45,公斤(kg),環境部,2020
聚酯粒,4.09,公斤(kg),環境部,2020
聚丙烯腈棉,4.36,公斤(kg),環境部,2020
發泡聚苯乙烯,2.31,公斤(kg),環境部,2020
氯氣,1.36,公斤(kg),環境部,2020
耐衝擊聚苯乙烯(HIPS),2.55,公斤(kg),環境部,2020
廢溶劑蒸餾回收處理服務,0.212,公斤(kg),環境部,2020
有害事業廢棄物固化處理服務,130,公噸(mt),環境部,2020
甲基丙烯酸甲酯,3.99,公斤(kg),環境部,2020
線性低密度聚乙烯(LLDPE),2.02,公斤(kg),環境部,2020
潤滑油(未燃燒，2018),1.02,公斤(kg),環境部,2020
煤油(未燃燒，2018),0.403,公升(L),環境部,2020
煤油使用(2018),2.97,公升(L),環境部,2020
液化石油氣(未燃燒，2018),0.491,公升(L),環境部,2020
液化石油氣(於固定源使用，2018),2.25,公升(L),環境部,2020
天然氣(未燃燒，2018),0.469,立方公尺(m3),環境部,2020
天然氣(於固定源使用，2018),2.58,立方公尺(m3),環境部,2020
車用汽油(於移動源使用，2018),3.01,公升(L),環境部,2020
車用汽油(於固定源使用，2018),2.92,公升(L),環境部,2020
車用汽油(未燃燒，2018),0.65,公升(L),環境部,2020
柴油（於捕撈移動源使用，2018）,3.35,公升(L),環境部,2020
柴油（於水路運輸移動源使用，2018）,3.36,公升(L),環境部,2020
柴油（於鐵路運輸與非道路運輸移動源使用，2018）,3.6,公升(L),環境部,2020
柴油(於公路運輸移動源使用，2018),3.37,公升(L),環境部,2020
柴油(於固定源使用，2018),3.34,公升(L),環境部,2020
柴油(未燃燒，2018),0.724,公升(L),環境部,2020
燃料油未燃燒(蒸餘油/重油未燃燒，2018),0.822,公升(L),環境部,2020
燃料油使用(蒸餘油/重油使用，2018),3.94,公升(L),環境部,2020
電力間接碳足跡(2018),0.109,度(kwh),環境部,2020
電力碳足跡(2018),0.642,度(kwh),環境部,2020
瓶裝水（1500ml，PET包裝）,0.27,瓶,名牌食品股份有限公司,2019
瓶裝水（600ml，PET包裝）,0.14,瓶,名牌食品股份有限公司,2019
瓶裝水（330ml，PET包裝）,0.15,瓶,名牌食品股份有限公司,2019
烤酥油（18L）,30,桶,環境部、台灣糖業股份有限公司小港廠,2019
烤酥油（2L）,3.4,瓶,環境部、台灣糖業股份有限公司小港廠,2019
大豆沙拉油（19.56L）,32,桶,環境部、台灣糖業股份有限公司小港廠,2019
大豆沙拉油（18L）,30,桶,環境部、台灣糖業股份有限公司小港廠,2019
大豆沙拉油（3L）,5,瓶,環境部、台灣糖業股份有限公司小港廠,2019
大豆沙拉油（2.6L）,4.5,瓶,環境部、台灣糖業股份有限公司小港廠,2019
大豆沙拉油（2L）,3.4,瓶,環境部、台灣糖業股份有限公司小港廠,2019
大豆沙拉油（1L）,1.7,瓶,環境部、台灣糖業股份有限公司小港廠,2019
大豆沙拉油（0.6L）,1,瓶,環境部、台灣糖業股份有限公司小港廠,2019
鮮蛋,0.105,顆,石安牧場,2019
茶葉蛋,2.4,包,金嘉隆企業有限公司,2019
百貨零售服務,0.035,每平方米‧每小時,太平洋崇光百貨股份有限公司,2019
良質米（高雄139號品種）,6,包,東里碾米工廠,2019
素火腿,1.8,條,儒慧實業有限公司,2019
猴頭菇素火腿,2,條,儒慧實業有限公司,2019
煙燻素火腿,1.9,條,儒慧實業有限公司,2019
洗手乳（1000ml）,1.6,瓶,歐萊德國際股份有限公司,2019
洗髮精（1000ml）,21,瓶,歐萊德國際股份有限公司,2019
住宿服務（二人房）,30,每房-每天,環境部、國泰商旅股份有限公司民生分公司,2019
棉花(未粗疏或精梳),1.47,公斤(kg),財團法人工業技術研究院,2019
密級配瀝青混凝土(1”/2),0.0936,公斤(kg),公路總局蘇花公路改善工程處,2019
蔭豆豉,1.57,公斤(kg),衛生福利部食品藥物管理署,2019
蔭油膏,1.01,公斤(kg),衛生福利部食品藥物管理署,2019
凝乳塊(未發酵),12.4,公斤(kg),衛生福利部食品藥物管理署,2019
瑪琪琳,3.07,公斤(kg),衛生福利部食品藥物管理署,2019
食用烤酥油,3.75,公斤(kg),衛生福利部食品藥物管理署,2019
芝麻醬,1.96,公斤(kg),社團法人臺灣環境管理協會,2019
PP再生塑膠粒,0.524,公斤(kg),宏盛環保科技股份有限公司,2019
HIPS再生塑膠粒,0.531,公斤(kg),宏盛環保科技股份有限公司,2019
ABS再生塑膠粒,0.57,公斤(kg),宏盛環保科技股份有限公司,2019
臺灣自來水(2017),0.299,立方公尺(m3),環境部,2019
潤滑油(未燃燒，2017),1.05,公斤(kg),環境部,2019
煤油使用(2017),2.98,公升(L),環境部,2019
液化石油氣(於固定源使用，2017),2.25,公升(L),環境部,2019
天然氣(於固定源使用，2017),2.6,立方公尺(m3),環境部,2019
車用汽油(於移動源使用，2017),3.02,公升(L),環境部,2019
多結晶矽電池太陽光電模組(60片6吋),320,片,經濟部標準檢驗局,2019
單結晶矽電池太陽光電模組(60片6吋),418,片,經濟部標準檢驗局,2019
預力鋼腱,2.85,公斤(kg),公路總局西部濱海公路南區臨時工程處,2019
多孔隙瀝青混凝土,0.134,公斤(kg),公路總局西部濱海公路南區臨時工程處,2019
密級配瀝青混凝土(混和料比例1.9％),0.0968,公斤(kg),公路總局西部濱海公路南區臨時工程處,2019
密級配瀝青混凝土(混和料比例1.4％),0.0924,公斤(kg),公路總局西部濱海公路南區臨時工程處,2019
密級配瀝青混凝土(混和料比例0％),0.077,公斤(kg),公路總局西部濱海公路南區臨時工程處,2019
粗級配瀝青混凝土(混和料比例2.4％),0.101,公斤(kg),公路總局西部濱海公路南區臨時工程處,2019
粗級配瀝青混凝土(混和料比例1.9％),0.0968,公斤(kg),公路總局西部濱海公路南區臨時工程處,2019
粗級配瀝青混凝土(混和料比例0％),0.0777,公斤(kg),公路總局西部濱海公路南區臨時工程處,2019
無收縮混凝土(420kgf/cm2),493,立方公尺(m3),公路總局西部濱海公路南區臨時工程處,2019
車用汽油(於固定源使用，2017),2.93,公升(L),環境部,2019
預拌混凝土(420kgf/cm2),483,立方公尺(m3),公路總局西部濱海公路南區臨時工程處,2019
早強預拌混凝土(420kgf/cm2，飛灰爐石粉替代率22％),464,立方公尺(m3),公路總局西部濱海公路南區臨時工程處,2019
自充填混凝土(350kgf/cm2),430,立方公尺(m3),公路總局西部濱海公路南區臨時工程處,2019
自充填混凝土(350kgf/cm2),393,立方公尺(m3),公路總局西部濱海公路南區臨時工程處,2019
自充填混凝土(350kgf/cm2),367,立方公尺(m3),公路總局西部濱海公路南區臨時工程處,2019
預拌混凝土(280kgf/cm2),355,立方公尺(m3),公路總局西部濱海公路南區臨時工程處,2019
預拌混凝土(280kgf/cm2),306,立方公尺(m3),公路總局西部濱海公路南區臨時工程處,2019
自充填混凝土(280kgf/cm2),353,立方公尺(m3),公路總局西部濱海公路南區臨時工程處,2019
自充填混凝土(280kgf/cm2),335,立方公尺(m3),公路總局西部濱海公路南區臨時工程處,2019
預拌混凝土(245kgf/cm2),341,立方公尺(m3),公路總局西部濱海公路南區臨時工程處,2019
預拌混凝土(245kgf/cm2),282,立方公尺(m3),公路總局西部濱海公路南區臨時工程處,2019
水中混凝土(210kgf/cm2),359,立方公尺(m3),公路總局西部濱海公路南區臨時工程處,2019
水中混凝土(210kgf/cm2),320,立方公尺(m3),公路總局西部濱海公路南區臨時工程處,2019
預拌混凝土(210kgf/cm2),310,立方公尺(m3),公路總局西部濱海公路南區臨時工程處,2019
預拌混凝土(210kgf/cm2),256,立方公尺(m3),公路總局西部濱海公路南區臨時工程處,2019
預拌混凝土(140kgf/cm2),256,立方公尺(m3),公路總局西部濱海公路南區臨時工程處,2019
預拌混凝土(140kgf/cm2),217,立方公尺(m3),公路總局西部濱海公路南區臨時工程處,2019
輕質骨材混凝土(175kgf/cm2),317,立方公尺(m3),公路總局西部濱海公路南區臨時工程處,2019
控制性低強度回填材料(CLSM),157,立方公尺(m3),公路總局西部濱海公路南區臨時工程處,2019
卜特蘭水泥(Ⅱ型),0.964,公斤(kg),公路總局西部濱海公路南區臨時工程處,2019
粗級配瀝青混凝土(1”),0.0837,公斤(kg),公路總局蘇花公路改善工程處,2019
粗級配瀝青混凝土(1”),0.0894,公斤(kg),公路總局蘇花公路改善工程處,2019
密級配瀝青混凝土(3”/4),0.0808,公斤(kg),公路總局蘇花公路改善工程處,2019
密級配瀝青混凝土(1”/2),0.0834,公斤(kg),公路總局蘇花公路改善工程處,2019
密級配瀝青混凝土(3”/4),0.0875,公斤(kg),公路總局蘇花公路改善工程處,2019
紙盤,1.89,公斤(kg),環境部,2019
紙碗,1.91,公斤(kg),環境部,2019
表面白紙板,0.32,公斤(kg),環境部,2019
PE瓶蓋,15,公斤(kg),環境部,2019
寶特瓶瓶身,4.32,公斤(kg),環境部,2019
PLA蛋盤(10盒裝),4.78,公斤(kg),環境部,2019
壓克力樹脂,2.29,公斤(kg),環境部,2019
強化玻璃,1.75,公斤(kg),環境部,2019
柴油（於捕撈移動源使用，2017）,3.36,公升(L),環境部,2019
柴油（於水路運輸移動源使用，2017）,3.37,公升(L),環境部,2019
柴油（於鐵路運輸與非道路運輸移動源使用，2017）,3.61,公升(L),環境部,2019
柴油(於公路運輸移動源使用，2017),3.38,公升(L),環境部,2019
柴油(於固定源使用，2017),3.35,公升(L),環境部,2019
柴油(未燃燒，2017),0.735,公升(L),環境部,2019
車用汽油(未燃燒，2017),0.658,公升(L),環境部,2019
燃料油使用(蒸餘油/重油使用，2017),3.96,公升(L),環境部,2019
電力碳足跡(2017),0.694,度(kwh),環境部,2019
廢棄物焚化處理服務(苗栗縣垃圾焚化廠),340,公噸(mt),環境部、裕鼎股份有限公司,2018
柴油（未燃燒，泰國，2005）,0.328,公斤(kg),－－－,2018
燃料油（未燃燒，泰國，2005）,0.305,公斤(kg),－－－,2018
汽油（未燃燒，泰國，2005）,0.706,公斤(kg),－－－,2018
液化石油氣（未燃燒，泰國，2008）,0.412,公斤(kg),－－－,2018
液化石油氣（未燃燒，韓國，2006）,0.394,公斤(kg),－－－,2018
液化天然氣（未燃燒，韓國，2006）,0.595,公斤(kg),－－－,2018
汽油（未燃燒，韓國，2000）,0.0832,公斤(kg),－－－,2018
重質燃料油（未燃燒，韓國，1998）,0.325,公斤(kg),－－－,2018
煤（未燃燒，韓國，1999）,0.48,公斤(kg),－－－,2018
柴油（未燃燒，韓國，2000）,0.0682,公斤(kg),－－－,2018
飲用水（韓國，2002）,0.000332,公斤(kg),－－－,2018
工業用水（韓國，1998）,0.000102,公斤(kg),－－－,2018
鏡面無縫紙管,2.39,公斤(kg),環境部，聚冠紙器企業股份有限公司,2018
洗碗精（1000ml）,2,瓶,德大生技有限公司,2018
洗衣粉,3.8,盒,德大生技有限公司,2018
道林紙,1.46,公斤(kg),環境部,2018
無磷無氧銅塊,4.77,公斤(kg),環境部,2018
洗髮精（1000ml）,28.5,瓶,歐萊德國際股份有限公司、昇宏國際企業股份有限公司,2018
橄欖洗髮精（1000ml）,30,瓶,昇宏國際企業股份有限公司,2018
過硫酸鈉,14.1,公斤(kg),環境部,2018
過硫酸銨,6.58,公斤(kg),環境部,2018
綠茶洗髮精（1000ml）,27,瓶,歐萊德國際股份有限公司,2018
聚氯乙烯(PVC)合成皮（壓延製程，未使用基布）,3.37,公斤(kg),環境部,2018
聚氯乙烯(PVC)合成皮（壓延製程，使用基布）,4.19,公斤(kg),環境部,2018
聚氯乙烯(PVC)合成皮（塗佈製程）,5.71,公斤(kg),環境部,2018
封裝銅銲線,0.0171,公尺(m),環境部,2018
8mm裸銅線（無氧銅）,5.13,公斤(kg),環境部,2018
8mm裸銅線（SCR銅）,4.13,公斤(kg),環境部,2018
3.03mm裸銅線（SCR銅）,4.16,公斤(kg),環境部,2018
豆漿(450ml，鋁箔包裝),0.38,盒,統一企業股份有限公司,2018
2.6mm裸銅線（SCR銅）,4.28,公斤(kg),環境部,2018
瓶裝水(2000ml，PET包裝),0.368,瓶,味丹企業股份有限公司,2018
濃硫酸,0.354,公斤(kg),環境部,2018
瓶裝水(1500ml，PET包裝),0.25,瓶,味丹企業股份有限公司,2018
瓶裝水（600ml，PET包裝）,0.153,瓶,味丹企業股份有限公司,2018
廢（污）水處理服務（臺南市政府水利局柳營區水資源回收中心）,0.5,立方公尺(m3),惠民實業股份有限公司,2018
柴油（於捕撈移動源使用，2016）,3.36,公升(L),環境部,2018
高粱酒(50％，600ml),5.5,瓶,馬祖酒廠實業股份有限公司南竿廠,2018
保鮮盒,5.16,個,寀呈股份有限公司,2018
紅茶(375ml，鋁箔包裝),0.16,包,統一企業股份有限公司,2018
紅茶(300ml，鋁箔包裝),0.12,包,統一企業股份有限公司,2018
紅茶(250ml，鋁箔包裝),0.1,包,統一企業股份有限公司,2018
奶茶(375ml，鋁箔包裝),0.2,包,統一企業股份有限公司,2018
柴油（於水路運輸移動源使用，2016）,3.37,公升(L),環境部,2018
奶茶(300ml，鋁箔包裝),0.14,包,統一企業股份有限公司,2018
奶茶(250ml，鋁箔包裝),0.13,包,統一企業股份有限公司,2018
綠茶（300ml，鋁箔包裝）,0.12,包,統一企業股份有限公司,2018
綠茶（250ml，鋁箔包裝）,0.11,包,統一企業股份有限公司,2018
柴油（於鐵路運輸與非道路運輸移動源使用，2016）,3.61,公升(L),環境部,2018
高速鐵路運輸服務,0.034,延人公里(pkm),環境部、台灣高速鐵路股份有限公司,2018
原生木漿影印紙,3.6,包,中華紙漿股份有限公司花蓮廠,2018
廢（污）水處理服務（中部科學工業園區管理局-虎尾園區）,1.7,立方公尺(m3),中欣行股份有限公司,2018
廢（污）水處理服務（高雄市楠梓污水處理廠）,0.4,立方公尺(m3),山林水環境工程股份有限公司,2018
廢（污）水處理服務（中部科學工業園區台中園區污水處理廠）,0.45,立方公尺(m3),山林水環境工程股份有限公司,2018
雞蛋,0.162,顆,臺南市環境保護局,2018
住宿服務（四人房）,90,每房-每天,臺南市環境保護局,2018
住宿服務（單/兩人房）,75,每房-每天,臺南市環境保護局,2018
番薯冰烤兩吃,0.0955,包,台南市環境保護局,2018
烤番薯,0.656,盒,台南市環境保護局,2018
客船服務（台東富岡-綠島）,11.6,每人次,經濟部中小企業處,2018
以柴油動力垃圾車清除運輸一般廢棄物,1.31,延噸公里(tkm),環境部,2018
薄膜型太陽光電模組,407,片,經濟部標準檢驗局,2018
單結晶矽電池太陽光電模組（96片5吋）,417,片,經濟部標準檢驗局,2018
單結晶矽電池太陽光電模組（60片6吋）,413,片,經濟部標準檢驗局,2018
鋁質水泥,10.1,公斤(kg),內政部營建署,2018
全鋁質混凝土管（管徑 800mm）,199,公尺(m),內政部營建署,2018
全鋁質混凝土管（管徑 300mm）,94.8,公尺(m),內政部營建署,2018
航空旅客運輸服務(松山-金門),0.281,延人公里(pkm),環境部、交通部民用航空局、松山機場、金門機場、華信航空、台灣航勤,2018
住宿服務(四人房),60.1,每房-每天,環境部、福容大飯店股份有限公司桃園分公司,2018
住宿服務(三人房),57.2,每房-每天,環境部、福容大飯店股份有限公司桃園分公司,2018
住宿服務(二人房),54.3,每房-每天,環境部、福容大飯店股份有限公司桃園分公司,2018
優酪乳,1.95,公斤(kg),衛生福利部食品藥物管理署、味全食品工業股份有限公司斗六廠,2018
花生油,1.95,公斤(kg),衛生福利部食品藥物管理署、福壽實業股份有限公司台中港廠,2018
精緻牛油,0.694,公斤(kg),衛生福利部食品藥物管理署、統清股份有限公司台南廠,2018
精製豬油,0.785,公斤(kg),衛生福利部食品藥物管理署、統清股份有限公司台南廠,2018
甲酸鈉,2.26,公斤(kg),經濟部工業局,2018
氦氣,1.12,公斤(kg),經濟部工業局,2018
硫酸鈉,0.209,公斤(kg),經濟部工業局,2018
乙苯,2.37,公斤(kg),經濟部工業局,2018
苯甲酸,1.84,公斤(kg),經濟部工業局,2018
水楊酸,2.37,公斤(kg),經濟部工業局,2018
生牛皮(不含養牛階段),0.27,公斤(kg),經濟部工業局、台灣區皮革工業同業公會,2018
生牛皮(含養牛階段),4.86,公斤(kg),經濟部工業局,2018
四氫呋喃(丁二醇製程),3.42,公斤(kg),環境部,2018
"四氫呋喃(1,3-丁二烯製程)",2.47,公斤(kg),環境部,2018
碳酸鉀,1.44,公斤(kg),環境部,2018
氧化鐵粉,1.28,公斤(kg),環境部,2018
液化石油氣(於固定源使用，2016),2.24,公升(L),環境部,2018
天然氣(於固定源使用，2016),2.6,立方公尺(m3),環境部,2018
煤油使用(2016),2.98,公升(L),環境部,2018
車用汽油(於移動源使用，2016),3.01,公升(L),環境部,2018
碳酸鉀,1.75,公斤(kg),經濟部工業局,2018
環氧乙烷,2.89,公斤(kg),經濟部工業局,2018
硝基苯,3.28,公斤(kg),經濟部工業局,2018
化學熱磨機械紙漿,1.59,公斤(kg),經濟部工業局,2018
車用汽油(於固定源使用，2016),2.93,公升(L),環境部,2018
亞硫酸鈉,1.83,公斤(kg),經濟部工業局,2018
氯化鈣(氫氯化製程),0.415,公斤(kg),經濟部工業局,2018
氯化鈣(索爾維製程),1,公斤(kg),經濟部工業局,2018
貼片電容,101,公斤(kg),經濟部工業局,2018
車用汽油(未燃燒，2016),0.656,公升(L),環境部,2018
積層陶瓷電容,334,公斤(kg),經濟部工業局,2018
電解電容,16.2,公斤(kg),經濟部工業局,2018
記憶體積體電路,570,公斤(kg),經濟部工業局,2018
柴油(於公路運輸移動源使用，2016),3.38,公升(L),環境部,2018
邏輯積體電路,732,公斤(kg),經濟部工業局,2018
硫化鈉,2.33,公斤(kg),經濟部工業局,2018
環氧氯丙烷(醋酸丙烯酯製程),8.04,公斤(kg),環境部,2018
環氧氯丙烷(丙烯氯化製程),6.88,公斤(kg),環境部,2018
柴油(於固定源使用，2016),3.35,公升(L),環境部,2018
柴油(未燃燒，2016),0.735,公升(L),環境部,2018
電力碳足跡(2016),0.66,度(kwh),環境部,2018
氫化石油樹脂,2.73,公斤(kg),環境部,2017
R45水泥混凝土,445,立方公尺(m3),公路總局蘇花公路改善工程處,2017
鋼纖維噴凝土(255kgf/cm2),433,立方公尺(m3),公路總局蘇花公路改善工程處,2017
噴凝土(210kgf/cm2),394,立方公尺(m3),公路總局蘇花公路改善工程處,2017
自充填預拌混凝土(420kgf/cm2),320,立方公尺(m3),公路總局蘇花公路改善工程處,2017
自充填預拌混凝土(350kgf/cm2),295,立方公尺(m3),公路總局蘇花公路改善工程處,2017
早強預拌混凝土(420kgf/cm2，飛灰爐石粉替代率45％),336,立方公尺(m3),公路總局蘇花公路改善工程處,2017
早強預拌混凝土(420kgf/cm2，飛灰爐石粉替代率25％),443,立方公尺(m3),公路總局蘇花公路改善工程處,2017
蛋白質護髮霜,1.54,瓶,昇宏國際企業股份有限公司,2017
廢(污)水處理服務(羅東地區水資源回收中心),0.3,立方公尺(m3),山林水環境工程股份有限公司,2017
綠茶擂茶,4.5,包,璞鈺生技食品有限公司、新竹縣政府環境保護局,2017
精力湯,3.47,包,璞鈺生技食品有限公司、新竹縣政府環境保護局,2017
擂茶,3.64,包,璞鈺生技食品有限公司、新竹縣政府環境保護局,2017
燃料油使用(蒸餘油/重油使用，2016),3.96,公升(L),環境部,2017
豬肉,36.9,公斤(kg),祥圃實業股份有限公司,2017
落花生,0.68,公斤(kg),行政院農業委員會農業試驗所,2017
竹醋液(以機械窯生產),1.31,公斤(kg),行政院農業委員會林務局,2017
竹醋液(以土窯生產),0.905,公斤(kg),行政院農業委員會林務局,2017
竹炭粒(以機械窯生產),0.719,公斤(kg),行政院農業委員會林務局,2017
豬肋排(骨頭100％),36.7,公斤(kg),祥圃實業股份有限公司,2017
豬肋排(帶骨50％),36.4,公斤(kg),祥圃實業股份有限公司,2017
霜降豬肉(不帶骨),36.6,公斤(kg),祥圃實業股份有限公司,2017
豬肉(不帶骨),37.1,公斤(kg),祥圃實業股份有限公司,2017
有機廢棄物免發酵轉化肥料處理服務,48.3,公噸(mt),經濟部中小企業處、葉山環保生物科技股份有限公司,2017
有機裸麥土司(常溫),1.66,公斤(kg),經濟部中小企業處、喜願行,2017
有機全麥粉,1.39,公斤(kg),經濟部中小企業處、喜願行,2017
有機麩皮胚芽粉,1.36,公斤(kg),經濟部中小企業處、喜願行,2017
竹炭粒(以土窯生產),0.342,公斤(kg),行政院農業委員會林務局,2017
鮮乳,2.48,公斤(kg),金門縣畜產試驗所,2017
有機小麥粉,1.4,公斤(kg),經濟部中小企業處、喜願行,2017
竹炭片(以機械窯生產),0.762,公斤(kg),行政院農業委員會林務局,2017
紅殼雞蛋,0.107,顆,麗園農牧科技股份有限公司,2017
高山烏龍茶(無烘培-完全發酵),6.3,包,講茶集團,2017
竹炭片(以土窯生產),0.384,公斤(kg),行政院農業委員會林務局,2017
高山烏龍茶(有烘培-部分發酵),7.69,包,講茶集團,2017
高山烏龍茶(無烘培-部分發酵),5.71,包,講茶集團,2017
燃料油使用(含90wt％ 生質燃料油，2015),3140,公秉(kl),經濟部中小企業處、環新能源股份有限公司,2017
環保抽取式擦手紙巾,0.65,包,正隆股份有限公司竹北廠,2017
環保抽取式衛生紙,0.32,包,正隆股份有限公司竹北廠,2017
抽取式衛生紙(110抽),0.4,包,正大造紙廠股份有限公司、正隆股份有限公司竹北廠,2017
大捲筒衛生紙,1.8,捲,正大造紙廠股份有限公司,2017
客家桔醬,0.5,瓶,阿金姐工作坊,2017
柿餅,0.65,盒,味衛佳柿餅觀光農場、新竹縣政府環境保護局,2017
良質米(高雄139號品種),6.5,包,東里碾米工廠,2017
山穀米(台梗4號),5.5,包,東里碾米工廠,2017
芋香米(台梗4號),3.4,包,東里碾米工廠,2017
營養麵條,7.26,包,合進商行關廟廠、台南市政府環境保護局,2017
麵線,1.24,包,合進商行關廟廠、臺南市政府環境保護局,2017
拉麵,1.49,包,合進商行關廟廠、臺南市政府環境保護局,2017
意麵,1.13,包,合進商行關廟廠、臺南市政府環境保護局,2017
刀削麵,1.13,包,合進商行關廟廠、臺南市政府環境保護局,2017
柳橙汁(寶特瓶裝，450ml),0.254,瓶,環境部,2017
可樂(寶特瓶裝，2L),0.644,瓶,環境部,2017
可樂(寶特瓶裝，600ml),0.398,瓶,環境部,2017
芝麻油(217ml),0.62,瓶,環境部、福壽實業股份有限公司,2017
芝麻油(543 ml),1.22,瓶,環境部、福壽實業股份有限公司,2017
芝麻油,1.4,公斤(kg),環境部、福壽實業股份有限公司,2017
烏龍麵,1.85,包,合進商行關廟廠、臺南市政府環境保護局,2017
原味關廟麵,1.85,包,合進商行關廟廠、臺南市政府環境保護局,2017
麵條,1.24,公斤(kg),合進商行關廟廠、臺南市政府環境保護局,2017
咖啡菇(鮑魚菇),0.32,盒,國立曾文高級農工職業學校、臺南市政府環境保護局,2017
咖啡菇(豬肚菇),0.309,盒,國立曾文高級農工職業學校、臺南市政府環境保護局,2017
咖啡菇(黑木耳),0.279,盒,國立曾文高級農工職業學校、臺南市政府環境保護局,2017
咖啡菇(猴頭菇),0.341,盒,國立曾文高級農工職業學校、臺南市政府環境保護局,2017
咖啡菇(夏雪菇),0.287,盒,國立曾文高級農工職業學校、臺南市政府環境保護局,2017
咖啡菇(珊瑚菇),0.282,盒,國立曾文高級農工職業學校、臺南市政府環境保護局,2017
咖啡菇(柳松菇),0.322,盒,國立曾文高級農工職業學校、臺南市政府環境保護局,2017
咖啡菇(秀珍菇),0.288,盒,國立曾文高級農工職業學校、臺南市政府環境保護局,2017
咖啡菇(杏鮑菇),0.339,盒,國立曾文高級農工職業學校、臺南市政府環境保護局,2017
咖啡菇(冬雪菇),0.286,盒,國立曾文高級農工職業學校、臺南市政府環境保護局,2017
無線滑鼠,3.76,支,環境部,2017
咖啡菇(斤耳),0.278,盒,國立曾文高級農工職業學校、臺南市政府環境保護局,2017
咖啡菇,0.3,盒,國立曾文高級農工職業學校、臺南市政府環境保護局,2017
"人孔短管(長度120cm，內徑1,500mm)",669,個,中興工程顧問股份有限公司,2017
"人孔短管(長度90cm，內徑1,500mm)",501,個,中興工程顧問股份有限公司,2017
"人孔短管(長度60cm，內徑1,500mm)",333,個,中興工程顧問股份有限公司,2017
"人孔短管(長度30cm，內徑1,500mm)",164,個,中興工程顧問股份有限公司,2017
"人孔大小頭(內徑1,500mm)",393,個,中興工程顧問股份有限公司,2017
"人孔底座(內徑1,500mm)",1120,個,中興工程顧問股份有限公司,2017
"人孔短管(長度120cm，內徑1,200mm)",452,個,中興工程顧問股份有限公司,2017
"人孔短管(長度90cm，內徑1,200mm)",338,個,中興工程顧問股份有限公司,2017
"人孔短管(長度30cm，內徑1,200mm)",111,個,中興工程顧問股份有限公司,2017
"人孔大小頭(內徑1,200mm)",277,個,中興工程顧問股份有限公司,2017
"人孔底座(內徑1,200mm)",554,個,中興工程顧問股份有限公司,2017
聚酯樹脂混凝土管(管徑300mm),55.2,公尺(m),中興工程顧問股份有限公司,2017
聚酯樹脂混凝土管(管徑400mm),91.3,公尺(m),中興工程顧問股份有限公司,2017
聚酯樹脂混凝土管(管徑600mm),169,公尺(m),中興工程顧問股份有限公司,2017
"全鋁質混凝土管(管徑1,000mm)",569,公尺(m),內政部營建署,2017
"人孔短管(長度120cm，內徑1,800mm)",957,個,內政部營建署,2017
"人孔短管(長度90cm，內徑1,800mm)",755,個,內政部營建署,2017
"人孔短管(長度60cm，內徑1,800mm)",501,個,內政部營建署,2017
"人孔短管(長度30cm，內徑1,800mm)",248,個,內政部營建署,2017
"人孔大小頭(內徑1,800mm)",575,個,內政部營建署,2017
"人孔底座(內徑1,800mm)",2090,個,內政部營建署,2017
洗衣粉,1.34,公斤(kg),清淨海生技股份有限公司,2017
廢棄物焚化處理服務(臺南市城西垃圾焚化廠),333,公噸(mt),臺南市城西垃圾焚化廠、臺南市政府環境保護局,2017
廢棄物焚化處理服務(臺南市永康垃圾資源回收(焚化)廠),327,公噸(mt),臺南市永康垃圾資源回收(焚化)廠、臺南市政府環境保護局,2017
萬用免釘膠,0.59,支,南寶樹脂化學工廠股份有限公司(五廠)、臺南市環境保護局,2017
石蠟,1.31,公斤(kg),環境部,2017
普通甲類市區公車運輸服務(包含營業據點及公車站點排放),0.0767,延人公里(pkm),府城汽車客運股份有限公司、興南汽車客運股份有限公司、新營汽車客運股份有限公司、臺南市政府環境保護局、臺南市政府交通局,2017
乙類市區公車運輸服務(包含營業據點及公車站點排放),0.0784,延人公里(pkm),府城汽車客運股份有限公司、興南汽車客運股份有限公司、新營汽車客運股份有限公司、臺南市政府環境保護局、臺南市政府交通局,2017
低地板甲類市區公車運輸服務(包含營業據點及公車站點排放),0.0575,延人公里(pkm),府城汽車客運股份有限公司、興南汽車客運股份有限公司、新營汽車客運股份有限公司、臺南市政府環境保護局、臺南市政府交通局,2017
鯖魚柴魚花,3.63,公斤(kg),衛生福利部食品藥物管理署,2017
乙烯醋酸乙烯酯共聚物(EVA),3.27,公斤(kg),環境部,2017
緩衝材料組裝用熱熔膠,3.41,公斤(kg),環境部,2017
紙棧板,1.23,公斤(kg),環境部,2017
角紙,1.14,公斤(kg),環境部,2017
AB楞紙箱(3層2浪),1.19,平方公尺(m2),環境部,2017
鰹魚柴魚花,3.82,公斤(kg),衛生福利部食品藥物管理署,2017
丁腈橡膠手套,0.139,雙,環境部,2017
素沙茶醬,1.58,公斤(kg),衛生福利部食品藥物管理署,2017
味噌,1.14,公斤(kg),衛生福利部食品藥物管理署,2017
氫氟酸，49％,3.94,公斤(kg),環境部,2017
背銀漿,13,公斤(kg),環境部、中美矽晶製品股份有限公司宜蘭分公司、臺灣賀利氏材料科技股份有限公司,2017
正銀漿,18.2,公斤(kg),環境部、中美矽晶製品股份有限公司宜蘭分公司、臺灣賀利氏材料科技股份有限公司,2017
咖哩醬,2,公斤(kg),衛生福利部食品藥物管理署,2017
多晶矽晶碇,39.1,公斤(kg),環境部、中美矽晶製品股份有限公司宜蘭分公司,2017
IEC IE3馬達(AEHF系列，4P20HP ),695,台,東元電機股份有限公司,2017
多晶矽晶片,175,公斤(kg),環境部、中美矽晶製品股份有限公司宜蘭分公司,2017
單晶矽太陽能電池,3.53,片,環境部、中美矽晶製品股份有限公司宜蘭分公司,2017
多晶矽太陽能電池,3.14,片,環境部、中美矽晶製品股份有限公司宜蘭分公司,2017
調質鋼車用鍛造件,5.7,公斤(kg),金鍛工業股份有限公司、中國鋼鐵股份有限公司,2017
免調質鋼車用鍛造件,4.84,公斤(kg),金鍛工業股份有限公司、中國鋼鐵股份有限公司,2017
熱軋竹節鋼筋(SD420W),0.901,公斤(kg),海光企業股份有限公司、公路總局西部濱海公路南區臨時工程處,2017
熱軋竹節鋼筋(SD280W),0.874,公斤(kg),海光企業股份有限公司、公路總局西部濱海公路南區臨時工程處,2017
鋼胚(電弧爐製程，SD420W),0.729,公斤(kg),海光企業股份有限公司、公路總局西部濱海公路南區臨時工程處,2017
鋼胚(電弧爐製程，SD280W),0.703,公斤(kg),海光企業股份有限公司、公路總局西部濱海公路南區臨時工程處,2017
再生料-廢輪胎-再生裂解油(未燃燒),310,公秉(kl),環拓科技股份有限公司,2017
再生料-廢輪胎-再生碳黑,518,公噸(mt),環拓科技股份有限公司,2017
反應性黑色紡織染料(適用於印花染色，紙箱包裝),12.9,公斤(kg),臺灣永光化學工業股份有限公司,2017
反應性黑色紡織染料(適用於浸染、連續染色＆冷壓染色，紙箱包裝),14.5,公斤(kg),臺灣永光化學工業股份有限公司,2017
苯並三唑紫外線吸收劑 (1噸塑膠方桶包裝),9.16,公斤(kg),臺灣永光化學工業股份有限公司,2017
苯並三唑紫外線吸收劑 (20L塑膠桶包裝),9.34,公斤(kg),臺灣永光化學工業股份有限公司,2017
苯並三唑紫外線吸收劑 (53gal鐵桶包裝),9.23,公斤(kg),臺灣永光化學工業股份有限公司,2017
受阻胺光安定劑(1噸塑膠方桶包裝),5.33,公斤(kg),臺灣永光化學工業股份有限公司,2017
受阻胺光安定劑 (20L塑膠桶包裝),5.51,公斤(kg),臺灣永光化學工業股份有限公司,2017
受阻胺光安定劑 (53gal鐵桶包裝),5.4,公斤(kg),臺灣永光化學工業股份有限公司,2017
早強預拌混凝土(420kgf/cm2，飛灰爐石粉替代率20％),431,立方公尺(m3),公路總局蘇花公路改善工程處,2017
水中混凝土(280kgf/cm2),275,立方公尺(m3),公路總局蘇花公路改善工程處,2017
水中混凝土(210kgf/cm2),242,立方公尺(m3),公路總局蘇花公路改善工程處,2017
預拌混凝土(420kgf/cm2),383,立方公尺(m3),公路總局蘇花公路改善工程處,2017
預拌混凝土(280kgf/cm2),263,立方公尺(m3),公路總局蘇花公路改善工程處,2017
預拌混凝土(245kgf/cm2，坍度50cm),252,立方公尺(m3),公路總局蘇花公路改善工程處,2017
預拌混凝土(245kgf/cm2，坍度15-17.5cm),244,立方公尺(m3),公路總局蘇花公路改善工程處,2017
預拌混凝土(210kgf/cm2),220,立方公尺(m3),公路總局蘇花公路改善工程處,2017
預拌混凝土(175kgf/cm2),194,立方公尺(m3),公路總局蘇花公路改善工程處,2017
預拌混凝土(140kgf/cm2),199,立方公尺(m3),公路總局蘇花公路改善工程處,2017
預拌混凝土(80kgf/cm2),207,立方公尺(m3),公路總局蘇花公路改善工程處,2017
水泥(不分型號),0.907,公斤(kg),公路總局蘇花公路改善工程處,2017
水泥熟料,0.948,公斤(kg),公路總局蘇花公路改善工程處,2017
熱軋竹節鋼筋(不分型號),0.919,公斤(kg),公路總局蘇花公路改善工程處,2017
鋼胚(電弧爐製程，不分型號),0.678,公斤(kg),公路總局蘇花公路改善工程處,2017
航空貨物運輸服務,1.16,延噸公里(tkm),環境部,2017
未漂白牛皮紙袋和麻袋用紙,1.24,公斤(kg),環境部,2017
精鹽(食用鹽),0.17,公斤(kg),環境部,2017
天然棉混紡紗,4.42,公斤(kg),環境部,2017
聚酯纖維(短纖，直紡),5,公斤(kg),環境部,2017
水梨,1.79,公斤(kg),宜蘭縣政府環境保護局,2017
苯乙烯單體,2.17,公斤(kg),環境部,2017
有機三星蔥,0.558,公斤(kg),宜蘭縣政府環境保護局,2017
再生鋅合金錠,0.0403,公斤(kg),環境部,2017
紅茶,7.04,公斤(kg),宜蘭縣政府環境保護局,2017
再生鋅錠,0.04,公斤(kg),環境部,2017
合成橡膠乳液(SBR Latex),2.39,公斤(kg),環境部,2017
合成橡膠乳液(NBR Latex),1.5,公斤(kg),環境部,2017
丁腈橡膠,3.04,公斤(kg),環境部,2017
聚乙烯醇,3.67,公斤(kg),環境部,2017
有機越光米,1.59,公斤(kg),宜蘭縣政府環境保護局,2017
3.49噸多溫貨車服務(包含營業據點排放),1.66,延噸公里(tkm),交通部運輸研究所,2017
氮氣,0.13,立方公尺(m3),環境部,2017
7.5~16噸低溫貨車服務(裝載率65％，包含營業據點排放),0.961,延噸公里(tkm),交通部運輸研究所,2017
葵花油,5.78,公斤(kg),環境部,2017
銅箔,12.4,公斤(kg),環境部,2017
過磷酸鈣,0.847,公斤(kg),環境部,2017
晶片電阻,170,公斤(kg),環境部,2017
不鏽鋼盤元(不含酸洗與退火加工製程),1.42,公斤(kg),環境部,2017
不鏽鋼盤元(含酸洗與退火加工製程),1.7,公斤(kg),環境部,2017
3.5~7.4噸低溫貨車服務(裝載率69％，包含營業據點排放),0.959,延噸公里(tkm),交通部運輸研究所,2017
3.5~7.4噸低溫貨車服務(裝載率41％，包含營業據點排放),1.15,延噸公里(tkm),交通部運輸研究所,2017
3.49噸低溫貨車服務(裝載率77％，包含營業據點排放),1.55,延噸公里(tkm),交通部運輸研究所,2017
3.49噸低溫貨車服務(裝載率32％，包含營業據點排放),2.71,延噸公里(tkm),交通部運輸研究所,2017
7.5~16噸常溫貨車服務(裝載率80％，包含營業據點排放),0.276,延噸公里(tkm),交通部運輸研究所,2017
煤油使用(2015),3.02,公升(L),環境部,2017
3.5~7.4噸常溫貨車服務(裝載率82％，包含營業據點排放),0.316,延噸公里(tkm),交通部運輸研究所,2017
3.49噸常溫貨車服務(裝載率84％，包含營業據點排放),0.833,延噸公里(tkm),交通部運輸研究所,2017
3.49噸常溫貨車服務(裝載率31％，包含營業據點排放),2.18,延噸公里(tkm),交通部運輸研究所,2017
液化石油氣(於固定源使用，2015),2.26,公升(L),環境部,2017
天然氣(於固定源使用，2015),2.61,立方公尺(m3),環境部,2017
異丁醇,2.82,公斤(kg),經濟部工業局,2017
1-丁醇,2.93,公斤(kg),經濟部工業局,2017
重鉻酸鉀,4.09,公斤(kg),經濟部工業局,2017
車用汽油(於移動源使用，2015),3.1,公升(L),環境部,2017
未精煉銅(供電解法精煉用之陽極銅),7.59,公斤(kg),經濟部工業局,2017
聚乙二醇(PEG),1.75,公斤(kg),經濟部工業局,2017
丁二醇,6.29,公斤(kg),經濟部工業局,2017
乙酸酐,2.69,公斤(kg),經濟部工業局,2017
車用汽油(於固定源使用，2015),3.02,公升(L),環境部,2017
不飽和聚酯樹脂,5.5,公斤(kg),經濟部工業局,2017
聚對苯二甲酸丁二酯(PBT),2.6,公斤(kg),經濟部工業局,2017
矽酸鈉,1,公斤(kg),經濟部工業局,2017
氫氧化鋁,1.05,公斤(kg),經濟部工業局,2017
車用汽油(未燃燒，2015),0.671,公升(L),環境部,2017
錳(未經塑性加工),6.98,公斤(kg),經濟部工業局,2017
乙二酸,4.34,公斤(kg),經濟部工業局,2017
銀(未鍛造),31.9,公斤(kg),經濟部工業局,2017
天然橡膠(乳膠),2.71,公斤(kg),經濟部工業局,2017
柴油(於移動源使用，2015),3.48,公升(L),環境部,2017
柴油(於固定源使用，2015),3.45,公升(L),環境部,2017
柴油(未燃燒，2015),0.752,公升(L),環境部,2017
燃料油使用(蒸餘油/重油使用，2015),4,公升(L),環境部,2017
電力碳足跡(2015),0.654,度(kwh),環境部,2017
黑麻油(500 ml),2.53,瓶,台南市政府環境保護局,2016
黑麻油(300 ml),1.38,瓶,台南市政府環境保護局,2016
清麻油(500 ml),2.54,瓶,台南市政府環境保護局,2016
清麻油(300 ml),1.38,瓶,台南市政府環境保護局,2016
芝麻粉,2.58,罐,台南市政府環境保護局,2016
素火腿,2.37,條,台南市政府環境保護局,2016
煙燻素火腿,2.59,條,台南市政府環境保護局,2016
猴頭菇素火腿,2.43,條,台南市政府環境保護局,2016
微藻素火腿,2.49,條,台南市政府環境保護局,2016
鎂錠,28.7,公斤(kg),經濟部工業局,2016
氯苯,3.87,公斤(kg),經濟部工業局,2016
碳酸鈉,1.9,公斤(kg),經濟部工業局,2016
氯化鈉,0.44,公斤(kg),經濟部工業局,2016
電解銅(陰極及陰極型精鍊銅-未經塑性加工),3.87,公斤(kg),經濟部工業局,2016
鉛(精鍊，未鍛造),1.7,公斤(kg),經濟部工業局,2016
乙二胺,6.18,公斤(kg),經濟部工業局,2016
木漿(針葉樹化學木漿-半漂白或已漂白),0.93,公斤(kg),經濟部工業局,2016
硝酸鈉 (非肥料用),3.22,公斤(kg),經濟部工業局,2016
氬氣,0.3,公斤(kg),經濟部工業局,2016
丙烯醯胺,2.32,公斤(kg),經濟部工業局,2016
乙二醇丁醚,1.91,公斤(kg),經濟部工業局,2016
丙三醇,2.16,公斤(kg),經濟部工業局,2016
硝酸銨鈣(肥料用),1.8,公斤(kg),經濟部工業局,2016
3馬力磁力驅動無軸封泵浦(不含馬達),94.75,台,協磁股份有限公司,2016
1馬力磁力驅動無軸封泵浦(不含馬達),78.01,台,協磁股份有限公司,2016
苯胺,5.19,公斤(kg),經濟部工業局,2016
沐浴乳(30ml，瓶裝包裝),0.115,罐,環境部,2016
沐浴乳(30ml，軟管包裝),0.115,罐,環境部,2016
沐浴乳(15ml，鋁箔包裝),0.0571,包,環境部,2016
沐浴乳,1.8,公升(L),環境部,2016
筆記型電腦(11.6吋),81,台,環境部、宏碁股份有限公司、廣達電腦股份有限公司,2016
金牌台灣啤酒(600 ml，紙箱12瓶裝),9.48,箱,環境部、台灣菸酒股份有限公司善化啤酒廠、中華航空公司,2016
金牌台灣啤酒(600 ml，紙箱12瓶裝),0.4,瓶,環境部、台灣菸酒股份有限公司善化啤酒廠、中華航空公司,2016
金牌台灣啤酒(500 ml ，紙箱24罐裝),7.88,箱,環境部、台灣菸酒股份有限公司善化啤酒廠、中華航空公司,2016
金牌台灣啤酒(500 ml，紙箱24罐裝),0.33,罐,環境部、台灣菸酒股份有限公司善化啤酒廠、中華航空公司,2016
金牌台灣啤酒(330 ml，紙箱24罐裝),5.3,箱,環境部、台灣菸酒股份有限公司善化啤酒廠、中華航空公司,2016
金牌台灣啤酒(330 ml，紙箱24罐裝),0.22,罐,環境部、台灣菸酒股份有限公司善化啤酒廠、中華航空公司,2016
金牌台灣啤酒(330 ml，收縮膜6罐裝),1.33,組,環境部、台灣菸酒股份有限公司善化啤酒廠、中華航空公司,2016
金牌台灣啤酒(330 ml，收縮膜6罐裝),0.22,罐,環境部、台灣菸酒股份有限公司善化啤酒廠、中華航空公司,2016
經典台灣啤酒(600 ml，玻璃瓶裝),0.33,瓶,環境部、台灣菸酒股份有限公司善化啤酒廠、中華航空公司,2016
經典台灣啤酒(500 ml，紙箱24罐裝),7.64,箱,環境部、台灣菸酒股份有限公司善化啤酒廠、中華航空公司,2016
經典台灣啤酒(500 ml，紙箱24罐裝),0.32,罐,環境部、台灣菸酒股份有限公司善化啤酒廠、中華航空公司,2016
經典台灣啤酒(330 ml，紙箱24罐裝),5.14,箱,環境部、台灣菸酒股份有限公司善化啤酒廠、中華航空公司,2016
經典台灣啤酒(330 ml，紙箱24罐裝),0.21,罐,環境部、台灣菸酒股份有限公司善化啤酒廠、中華航空公司,2016
經典台灣啤酒(330 ml，收縮膜6罐裝),1.29,組,環境部、台灣菸酒股份有限公司善化啤酒廠、中華航空公司,2016
經典台灣啤酒 (330 ml，收縮膜6罐裝),0.21,罐,環境部、台灣菸酒股份有限公司善化啤酒廠、中華航空公司,2016
L (低碳鋼)級不銹鋼焊接管,7.48,公斤(kg),環境部,2016
風力發電機組發電(1500KW，2014),0.00395,度(kwh),經濟部能源局、台電公司再生能源處運維組,2016
太陽光電模組發電(10KW，2014),0.00998,度(kwh),經濟部能源局、陽光屋頂百萬座計畫推動辦公室,2016
台灣鯛,2.29,公斤(kg),衛生福利部食品藥物管理署,2016
麵粉,0.531,公斤(kg),衛生福利部食品藥物管理署,2016
番茄醬,6.48,罐,衛生福利部食品藥物管理署,2016
PVC膠帶,0.935,卷,地球綜合工業股份有限公司,2016
PVC膠帶,1.62,平方公尺(m2),地球綜合工業股份有限公司,2016
OPP膠帶,0.648,卷,地球綜合工業股份有限公司,2016
OPP膠帶,0.385,平方公尺(m2),地球綜合工業股份有限公司,2016
百貨零售服務,0.05,每平方米‧每小時,太平洋崇光百貨股份有限公司,2016
綠茶(300ml，鋁箔包裝),0.1,包,統一企業股份有限公司,2016
綠茶(250ml，鋁箔包裝),0.09,包,統一企業股份有限公司,2016
紅茶(375ml，鋁箔包裝),0.13,包,統一企業股份有限公司,2016
紅茶(300ml，鋁箔包裝),0.11,包,統一企業股份有限公司,2016
紅茶(250ml，鋁箔包裝),0.095,包,統一企業股份有限公司,2016
奶茶(375ml，鋁箔包裝),0.16,包,統一企業股份有限公司,2016
奶茶(300ml，鋁箔包裝),0.13,包,統一企業股份有限公司,2016
奶茶(250ml，鋁箔包裝),0.11,包,統一企業股份有限公司,2016
豆漿(450ml，鋁箔包裝),0.16,盒,統一企業股份有限公司,2016
磨石子地磚(60cm*60cm*2.5cm),7.5,片,台南市政府環境保護局、晶泰水泥加工廠股份有限公司,2016
磨石子地磚(50cm*50cm*2.5cm),5,片,台南市政府環境保護局、晶泰水泥加工廠股份有限公司,2016
磨石子地磚(45cm*45cm*2cm),4,片,台南市政府環境保護局、晶泰水泥加工廠股份有限公司,2016
磨石子地磚(40cm*40cm*2cm),3.4,片,台南市政府環境保護局、晶泰水泥加工廠股份有限公司,2016
磨石子地磚(30cm*60cm*2cm),3.2,片,台南市政府環境保護局、晶泰水泥加工廠股份有限公司,2016
磨石子地磚(30cm*30cm*2cm),1.7,片,台南市政府環境保護局、晶泰水泥加工廠股份有限公司,2016
水性白膠,1.1,包,台南市政府環境保護局、南寶樹脂化學工廠股份有限公司,2016
高粱酒(58度，600ml),4,瓶,台南市政府環境保護局、成大酒廠股份有限公司,2016
歪頭奶瓶(240ml),3.16,個,春池玻璃實業有限公司,2016
烤酥油 (18 kg),30.5,桶,環境部、台灣糖業股份有限公司小港廠,2016
烤酥油 (18 L),27.5,桶,環境部、台灣糖業股份有限公司小港廠,2016
烤酥油 (3 L),4.42,瓶,環境部、台灣糖業股份有限公司小港廠,2016
烤酥油 (2 L),3.07,瓶,環境部、台灣糖業股份有限公司小港廠,2016
大豆沙拉油 (18 kg),30.4,桶,環境部、台灣糖業股份有限公司小港廠,2016
大豆沙拉油 (18 L),27.7,桶,環境部、台灣糖業股份有限公司小港廠,2016
大豆沙拉油 (3 L),4.45,瓶,環境部、台灣糖業股份有限公司小港廠,2016
大豆沙拉油 (2.6 L),3.87,瓶,環境部、台灣糖業股份有限公司小港廠,2016
大豆沙拉油 (2 L),3.07,瓶,環境部、台灣糖業股份有限公司小港廠,2016
大豆沙拉油 (0.6 L),0.895,瓶,環境部、台灣糖業股份有限公司小港廠,2016
氣冷高爐石級配料(散裝),1.69,公噸(mt),中聯資源股份有限公司,2016
氣冷轉爐石級配料(散裝),1.58,公噸(mt),中聯資源股份有限公司,2016
石英晶體振盪器(AW系列),0.06,顆,台灣晶技股份有限公司,2016
食品包裝紙容器,0.0965,平方公尺(m2),環境部,2016
食品包裝紙容器,8.24,公斤(kg),環境部,2016
筆記型電腦包裝紙箱(三層一浪),0.00205,公克(g),環境部、宏碁股份有限公司,2016
筆記型電腦包裝紙箱(三層一浪),0.53,個,環境部、宏碁股份有限公司,2016
瀝青鋪面用粒料(散裝),4.72,公噸(mt),中聯資源股份有限公司,2016
地質改良處理劑(50kg，紙袋裝),15.93,包,中聯資源股份有限公司,2016
地質改良處理劑(太空包裝),317.84,公噸(mt),中聯資源股份有限公司,2016
地質改良處理劑(散裝),313.55,公噸(mt),中聯資源股份有限公司,2016
新型高爐水泥(50kg，紙袋裝),22.97,包,中聯資源股份有限公司,2016
卜特蘭高爐爐碴水泥(太空包裝),516.86,公噸(mt),中聯資源股份有限公司,2016
卜特蘭高爐爐碴水泥(散裝),512.57,公噸(mt),中聯資源股份有限公司,2016
飛灰爐石粉(太空包裝),52.48,公噸(mt),中聯資源股份有限公司,2016
飛灰爐石粉(散裝),48.19,公噸(mt),中聯資源股份有限公司,2016
混凝土及水泥砂漿用水淬高爐爐碴粉(太空包裝),54.73,公噸(mt),中聯資源股份有限公司,2016
混凝土及水泥砂漿用水淬高爐爐碴粉(散裝),50.44,公噸(mt),中聯資源股份有限公司,2016
糖蜜,0.32,公斤(kg),環境部,2016
蔗糖,0.37,公斤(kg),環境部,2016
國際海運貨物運輸服務(燃料油動力),0.0198,延噸公里(tkm),環境部,2016
國內海運貨物運輸服務(燃料油動力),0.0354,延噸公里(tkm),環境部,2016
國內海運貨物運輸服務(柴油動力),0.0334,延噸公里(tkm),環境部,2016
石灰石,0.00535,公斤(kg),環境部,2016
食用玉蜀黍,0.29,公斤(kg),環境部,2016
污泥掩埋處理服務,0.3,公斤(kg),環境部,2016
尿素甲醛樹脂(65％固形物),1.62,公斤(kg),環境部,2016
冰醋酸(醋酸甲酯與甲醇共沸物羰基合成法),2.05,公斤(kg),環境部,2016
冰醋酸(甲醇羰基化法),2.58,公斤(kg),環境部,2016
丙酮,1.82,公斤(kg),環境部,2016
硝酸，98％,1.37,公斤(kg),環境部,2016
二甲醚,2.28,公斤(kg),環境部,2016
氫氧化鉀,1.47,公斤(kg),產品碳足跡計算服務平台、工研院DoITPro資料庫,2016
液氯,1.39,公斤(kg),環境部,2016
不銹鋼焊接管,1.75,公斤(kg),環境部,2016
螺絲(含球化與表面皮膜處理及電鍍),3.41,公斤(kg),環境部,2016
螺絲(不含球化、表面皮膜處理與電鍍),3.37,公斤(kg),環境部,2016
筆記型電腦觸控板,3.06,片,環境部、宏碁股份有限公司,2016
筆記型電腦鍵盤,0.89,個,環境部、宏碁股份有限公司,2016
筆記型電腦照相機模組,0.41,個,環境部、宏碁股份有限公司,2016
煤油使用(2014),3.02,公升(L),環境部,2016
液化石油氣(於固定源使用，2014),2.26,公升(L),環境部,2016
天然氣(於固定源使用，2014),2.61,立方公尺(m3),環境部,2016
車用汽油(於移動源使用，2014),3.1,公升(L),環境部,2016
車用汽油(於固定源使用，2014),3.02,公升(L),環境部,2016
車用汽油(未燃燒，2014),0.67,公升(L),環境部,2016
柴油(於移動源使用，2014),3.48,公升(L),環境部,2016
柴油(於固定源使用，2014),3.45,公升(L),環境部,2016
柴油(未燃燒，2014),0.75,公升(L),環境部,2016
燃料油使用(蒸餘油/重油使用，2014),4,公升(L),環境部,2016
電力碳足跡(2014),0.65,度(kwh),環境部,2016
平板玻璃,1.12,公斤(kg),環境部,2016
水性水泥漆,1.33,公斤(kg),環境部,2016
聚醯胺接著劑,3.61,公斤(kg),環境部,2016
醇酸樹脂,3.18,公斤(kg),財團法人工業技術研究院,2016
聚丙烯腈棉,4.76,公斤(kg),環境部,2016
聚酯粒,3.74,公斤(kg),環境部,2016
聚酯棉,4.17,公斤(kg),環境部,2016
丙烯腈,3.37,公斤(kg),環境部,2016
線性低密度聚乙烯(LLDPE),2.01,公斤(kg),環境部,2016
耐衝擊聚苯乙烯(HIPS),2.72,公斤(kg),環境部,2016
通用級聚苯乙烯(GPPS),1.97,公斤(kg),環境部,2016
氯乙烯單體,2.89,公斤(kg),環境部,2016
對二甲苯/鄰二甲苯,1.81,公斤(kg),環境部,2016
苯,1.82,公斤(kg),環境部,2016
筆記型電腦電源線(含插頭端),0.68,條,環境部、宏碁股份有限公司,2016
焦糖烤布丁,0.34,個,台南市政府環境保護局、紅磚布丁,2016
己內醯胺,3.39,公斤(kg),環境部,2016
對苯二甲酸,1.76,公斤(kg),環境部,2016
再生鋁錠,0.7,公斤(kg),環境部,2015
住宿服務,2.6,每坪-每天,福容大飯店股份有限公司桃園分公司,2015
再生料-廢壓縮機/廢馬達二次拆解-廢鋁,0.14,公斤(kg),環境部,2015
再生料-廢壓縮機/廢馬達二次拆解-廢銅,0.14,公斤(kg),環境部,2015
再生料-廢壓縮機/廢馬達二次拆解-廢鐵,0.15,公斤(kg),環境部,2015
再生料-廢電子電器暨廢資訊物品-待再處理二次料,0.12,公斤(kg),環境部,2015
再生料-廢電子電器暨廢資訊物品-廢潤滑油,0.1,公斤(kg),環境部,2015
再生料-廢冷暖氣機-廢R22冷媒,0.48,公斤(kg),環境部,2015
再生料-廢冰箱-廢R12冷媒,0.9,公斤(kg),環境部,2015
再生料-廢冰箱-廢R11冷媒(液態氮法),16,公斤(kg),環境部,2015
再生料-廢冰箱-廢R11冷媒(活性碳冰水機法),6.38,公斤(kg),環境部,2015
再生料-廢電視機暨廢顯示器-錐管玻璃,0.1,公斤(kg),環境部,2015
再生料-廢電子電器暨廢資訊物品-廢玻璃,0.12,公斤(kg),環境部,2015
再生料-廢電子電器暨廢資訊物品-廢塑膠,0.13,公斤(kg),環境部,2015
再生料-廢電子電器暨廢資訊物品-廢鋁,0.15,公斤(kg),環境部,2015
再生料-廢電子電器暨廢資訊物品-廢銅,0.11,公斤(kg),環境部,2015
再生料-廢電子電器暨廢資訊物品-廢鐵,0.12,公斤(kg),環境部,2015
臺灣鐵路運輸服務(電聯車),54,延人公里(pkm),交通部鐵路改建工程局,2015
臺灣鐵路運輸服務(柴聯車),70,延人公里(pkm),交通部鐵路改建工程局,2015
門窗鋁框,14.4,平方公尺(m2),環境部,2015
門窗鋁框,3.3,公斤(kg),環境部,2015
水泥砂漿粉刷(1:3),9.83,平方公尺(m2),環境部,2015
水泥砂漿(1:3),437,立方公尺(m3),環境部,2015
水泥砂漿粉刷(1:2),14.1,平方公尺(m2),環境部,2015
水泥砂漿(1:2),625,立方公尺(m3),環境部,2015
水泥砂漿粉刷(1:1),21.4,平方公尺(m2),環境部,2015
水泥砂漿(1:1),952,立方公尺(m3),環境部,2015
預拌混凝土(6000psi),533,立方公尺(m3),環境部,2015
預拌混凝土(5000psi),464,立方公尺(m3),環境部,2015
預拌混凝土(4000psi),393,立方公尺(m3),環境部,2015
預拌混凝土(3500psi),370,立方公尺(m3),環境部,2015
預拌混凝土(3000psi),347,立方公尺(m3),環境部,2015
預拌混凝土(2500psi),301,立方公尺(m3),環境部,2015
預拌混凝土(2000psi),255,立方公尺(m3),環境部,2015
PVC塑膠管、PVC板,2.4,公斤(kg),環境部,2015
有害事業廢棄物穩定化/固化處理服務,0.29,公斤(kg),環境部,2015
廢溶劑蒸餾回收處理服務,0.21,公斤(kg),環境部,2015
石膏板,0.51,公斤(kg),環境部,2015
聚酯半延伸絲,4.14,公斤(kg),環境部,2015
聚酯加工絲,5.04,公斤(kg),環境部,2015
聚醯胺粒,7.1,公斤(kg),環境部,2015
聚醯胺絲,8.81,公斤(kg),環境部,2015
醋酸乙烯單體,3.31,公斤(kg),環境部,2015
發煙硫酸,0.22,公斤(kg),環境部,2015
鹽酸，32％(電子級),0.68,公斤(kg),環境部,2015
多元氯化鋁(鋁灰鹽酸法),0.5,公斤(kg),環境部,2015
多元氯化鋁(氧化還原置換法),0.03,公斤(kg),環境部,2015
硫酸銨,1.68,公斤(kg),環境部,2015
酚醛樹脂,2.5,公斤(kg),環境部,2015
聚甲基丙烯酸甲酯,4.19,公斤(kg),環境部,2015
乙烯-乙烯醇共聚物,6.19,公斤(kg),環境部,2015
鋼筋,0.66,公斤(kg),環境部,2015
碳鋼鋼胚(電弧爐製程),0.53,公斤(kg),環境部,2015
LED 路燈(70W),650,個,堤維西交通工業股份有限公司,2015
高速鐵路運輸服務,0.038,延人公里(pkm),環境部、台灣高速鐵路股份有限公司,2015
不鏽鋼三層牆角架(5327S),7.87,公斤(kg),環境部、朝盟股份有限公司,2015
不鏽鋼衛生紙架(9307S，抽取式),2.53,公斤(kg),環境部、朝盟股份有限公司,2015
不鏽鋼置物毛巾架(9310S，單管),7.53,公斤(kg),環境部、朝盟股份有限公司,2015
不鏽鋼置物毛巾架(9322S，雙管),10.19,公斤(kg),環境部、朝盟股份有限公司,2015
不鏽鋼雙層牆角架(5326S),5.76,公斤(kg),環境部、朝盟股份有限公司,2015
不鏽鋼雙層牆角架含底座(9239S),7.47,公斤(kg),環境部、朝盟股份有限公司,2015
不鏽鋼雙層牆角架(9022HS),6.48,公斤(kg),環境部、朝盟股份有限公司,2015
不鏽鋼牆角架(9020S，大),3.33,公斤(kg),環境部、朝盟股份有限公司,2015
不鏽鋼掛式砧板刀架(6554S),5.23,公斤(kg),環境部、朝盟股份有限公司,2015
不鏽鋼廚用雙層置物架(3230S),10.28,公斤(kg),環境部、朝盟股份有限公司,2015
炊粉,0.57,公斤(kg),新華米粉廠有限公司,2015
摃丸,1.72,公斤(kg),新宇禎福記摃丸有限公司,2015
電池感應式水龍頭(HB-4100LR),19.41,公斤(kg),牧新科技股份有限公司,2015
插電感應式水龍頭(H-4100LR),16.98,公斤(kg),牧新科技股份有限公司,2015
石質地磚,4.5,公斤(kg),宏洲窯業股份有限公司,2015
鮮蛋,0.28,顆,石安牧場,2015
養殖冷凍白蝦,9.37,公斤(kg),行政院農業委員會漁業署,2015
養殖文蛤,4.87,公斤(kg),行政院農業委員會漁業署,2015
醬油(黑豆釀造),2.22,公斤(kg),衛生福利部食品藥物管理署,2015
醬油(黃豆釀造),1.68,公斤(kg),衛生福利部食品藥物管理署,2015
醬油(高蛋白豆片釀造),849.88,公斤(kg),衛生福利部食品藥物管理署,2015
芝麻油,614.64,公斤(kg),衛生福利部食品藥物管理署,2015
七星鱸,4.87,公斤(kg),衛生福利部食品藥物管理署,2015
矽藻土,1.02,公斤(kg),經濟部工業局「103年製造業產品碳足跡輔導與推廣計畫」,2015
活性沸石,3.47,公斤(kg),經濟部工業局「103年製造業產品碳足跡輔導與推廣計畫」,2015
生石灰,1.25,公斤(kg),經濟部工業局「103年製造業產品碳足跡輔導與推廣計畫」,2015
石膏,0.35,公斤(kg),經濟部工業局「103年製造業產品碳足跡輔導與推廣計畫」,2015
聚醯胺66(尼龍66),7.21,公斤(kg),經濟部工業局「103年製造業產品碳足跡輔導與推廣計畫」,2015
聚酯纖維棉(已精梳，供紡織用),4.52,公斤(kg),經濟部工業局「103年製造業產品碳足跡輔導與推廣計畫」,2015
氯化鉀(非肥料用),0.21,公斤(kg),經濟部工業局「103年製造業產品碳足跡輔導與推廣計畫」,2015
氯化鉀(肥料用),0.61,公斤(kg),經濟部工業局「103年製造業產品碳足跡輔導與推廣計畫」,2015
硫代硫酸鈉(結晶、無水),4.99,公斤(kg),經濟部工業局「103年製造業產品碳足跡輔導與推廣計畫」,2015
亞硫酸鈉,1.08,公斤(kg),經濟部工業局「103年製造業產品碳足跡輔導與推廣計畫」,2015
次氯酸鈉(工業用),0.51,公斤(kg),經濟部工業局「103年製造業產品碳足跡輔導與推廣計畫」,2015
中密度纖維板,1.12,公斤(kg),經濟部工業局「103年製造業產品碳足跡輔導與推廣計畫」,2015
瓦楞芯紙(原紙),0.72,公斤(kg),經濟部工業局「103年製造業產品碳足跡輔導與推廣計畫」,2015
硝酸銨,1.76,公斤(kg),經濟部工業局「103年製造業產品碳足跡輔導與推廣計畫」,2015
馬口鐵,2.43,公斤(kg),經濟部工業局「104年製造業產品碳足跡輔導與推廣計畫」,2015
尿素,1.65,公斤(kg),經濟部工業局「103年製造業產品碳足跡輔導與推廣計畫」,2015
再生料-廢鐵容器-碎鐵（含容器廢棄階段）,0.26,公斤(kg),環境部回收基管會,2015
再生料-廢鋁容器-鋁錠（含容器廢棄階段）,1.23,公斤(kg),環境部回收基管會,2015
再生料-廢塑膠容器-發泡PS廢塑膠粒（含容器廢棄階段）,0.66,公斤(kg),環境部回收基管會,2015
再生料-廢紙容器-脫墨紙漿（含容器廢棄階段）,0.36,公斤(kg),環境部回收基管會,2015
再生料-廢玻璃容器-玻璃砂（含容器廢棄階段）,0.12,公斤(kg),環境部回收基管會,2015
再生料-廢容器-未發泡PS廢塑膠片（含容器廢棄階段）,0.22,公斤(kg),環境部回收基管會,2015
再生料-廢容器-PVC廢塑膠片（含容器廢棄階段）,0.24,公斤(kg),環境部回收基管會,2015
再生料-廢容器-PP廢塑膠片（含容器廢棄階段）,0.35,公斤(kg),環境部回收基管會,2015
再生料-廢容器-PET廢塑膠片（含容器廢棄階段）,0.39,公斤(kg),環境部回收基管會,2015
再生料-廢容器-PE廢塑膠片（含容器廢棄階段）,0.22,公斤(kg),環境部回收基管會,2015
再生料-廢鐵容器-碎鐵,0.25,公斤(kg),環境部回收基管會,2015
再生料-廢鋁容器-鋁錠,1.19,公斤(kg),環境部回收基管會,2015
再生料-廢塑膠容器-發泡PS廢塑膠粒,0.53,公斤(kg),環境部回收基管會,2015
再生料-廢紙容器-脫墨紙漿,0.32,公斤(kg),環境部回收基管會,2015
再生料-廢玻璃容器-玻璃砂,0.11,公斤(kg),環境部回收基管會,2015
再生料-廢容器-未發泡PS廢塑膠片,0.2,公斤(kg),環境部回收基管會,2015
再生料-廢容器-PVC廢塑膠片,0.22,公斤(kg),環境部回收基管會,2015
再生料-廢容器-PP廢塑膠片,0.32,公斤(kg),環境部回收基管會,2015
再生料-廢容器-PET廢塑膠片,0.35,公斤(kg),環境部回收基管會,2015
再生料-廢容器-PE廢塑膠片,0.2,公斤(kg),環境部回收基管會,2015
再生料-廢照明光源-廢鐵,0.3,公斤(kg),環境部回收基管會,2015
再生料-廢照明光源-廢鋁,0.3,公斤(kg),環境部回收基管會,2015
再生料-廢照明光源-廢塑膠,0.33,公斤(kg),環境部回收基管會,2015
再生料-廢照明光源-廢玻璃,0.3,公斤(kg),環境部回收基管會,2015
再生料-廢照明光源-蒸餾汞,1635.66,公斤(kg),環境部回收基管會,2015
再生料-廢照明光源-混合五金廢料,0.3,公斤(kg),環境部回收基管會,2015
再生料-廢乾電池-鐵,0.22,公斤(kg),環境部回收基管會,2015
再生料-廢乾電池-鋅,0.16,公斤(kg),環境部回收基管會,2015
再生料-廢乾電池-二氧化錳,0.31,公斤(kg),環境部回收基管會,2015
再生料-廢輪胎-橡膠粉,0.13,公斤(kg),環境部回收基管會,2015
再生料-廢輪胎-橡膠片,0.06,公斤(kg),環境部回收基管會,2015
再生料-廢鉛蓄電池-鉛錠,0.76,公斤(kg),環境部回收基管會,2015
再生料-廢鉛蓄電池-PP塑膠,0.15,公斤(kg),環境部回收基管會,2015
再生料-廢鉛蓄電池-ABS塑膠,0.12,公斤(kg),環境部回收基管會,2015
小麥粉,0.72,公斤(kg),環境部,2015
馬鈴薯,0.11,公斤(kg),環境部,2015
氨水,1.61,公斤(kg),環境部,2015
碳黑,1.5,公斤(kg),環境部,2015
液氧,0.39,公斤(kg),環境部,2015
氧氣,0.16,公斤(kg),環境部,2015
氫氣,6.97,公斤(kg),環境部,2015
乙炔,6.08,公斤(kg),環境部,2015
丁二烯,1.88,公斤(kg),環境部,2015
丁二烯,1.75,公斤(kg),環境部,2015
丙烯,1.88,公斤(kg),環境部,2015
丙烯,1.75,公斤(kg),環境部,2015
乙烯,1.88,公斤(kg),環境部,2015
乙烯,1.75,公斤(kg),環境部,2015
甲基丙烯酸甲酯,3.93,公斤(kg),環境部,2015
發泡聚苯乙烯,1.96,公斤(kg),環境部,2015
高密度聚乙烯(HDPE),2.25,公斤(kg),環境部,2015
聚氨基甲酸脂合成皮(乾式法),8.7,公斤(kg),環境部,2015
聚氨基甲酸脂合成皮(濕式法),8.3,公斤(kg),環境部,2015
聚氨基甲酸乙酯樹脂,3.17,公斤(kg),環境部,2015
熱可塑性橡膠,3.6,公斤(kg),環境部,2015
聚丁二烯橡膠,2.99,公斤(kg),環境部,2015
丙烯腈-丁二烯橡膠,2.74,公斤(kg),環境部,2015
液化石油氣(於固定源使用，2013),2.34,公升(L),環境部,2015
天然氣(於固定源使用，2013),2.59,立方公尺(m3),環境部,2015
車用汽油(於移動源使用，2013),3.12,公升(L),環境部,2015
車用汽油(於固定源使用，2013),3.03,公升(L),環境部,2015
車用汽油(未燃燒，2013),0.69,公升(L),環境部,2015
柴油(於移動源使用，2013),3.49,公升(L),環境部,2015
柴油(於固定源使用，2013),3.46,公升(L),環境部,2015
柴油(未燃燒，2013),0.76,公升(L),環境部,2015
燃料油使用(蒸餘油/重油使用，2013),4.02,公升(L),環境部,2015
電力碳足跡(2013),0.66,度(kwh),環境部,2015
T-12型熱敏CTP版(含顯影劑),8.39,平方公尺(m2),太普高精密影像股份有限公司,2014
石英晶體諧振器車用電子零件(AM系列),0.09,顆,台灣晶技股份有限公司,2014
石英晶體諧振器車用電子零件(AB系列),0.09,顆,台灣晶技股份有限公司,2014
石英晶體振盪器(BB系列),0.09,顆,台灣晶技股份有限公司,2014
廢水處理排放服務(南部科學工業園區管理局-台南園區),0.77,公噸(mt),南部科學工業園區管理局,2014
廢水處理排放服務(南部科學工業園區管理局-高雄園區),0.61,公噸(mt),南部科學工業園區管理局,2014
盒裝去殼牡蠣,1096.25,公噸(mt),行政院農業委員會漁業署,2014
養殖吳郭魚冷凍魚片,4476.42,公噸(mt),行政院農業委員會漁業署,2014
養殖石斑魚條凍,7072.67,公噸(mt),行政院農業委員會漁業署,2014
養殖石斑魚活體,5834.88,公噸(mt),行政院農業委員會漁業署,2014
精製特砂(1公噸，太空袋裝),606.55,公噸(mt),台灣糖業公司,2014
精製特砂(50公斤),29.6,包,台灣糖業公司,2014
自產二砂(50公斤),57.95,包,台灣糖業公司,2014
精製細砂(25公斤),15.47,包,台灣糖業公司,2014
精製二砂(25公斤),14.67,包,台灣糖業公司,2014
特製液糖(20公噸),7.03,公噸(mt),台灣糖業公司,2014
非離子性有機界面活性劑,2.75,公斤(kg),經濟部工業局,2014
陽離子性有機界面活性劑,2.95,公斤(kg),經濟部工業局,2014
陰離子性有機界面活性劑,2.84,公斤(kg),經濟部工業局,2014
合成偶氮類有機顏料,5.03,公斤(kg),環境部,2014
營業大貨車(柴油),0.235,延噸公里(tkm),交通部運輸研究所,2014
營業小貨車(柴油),0.647,延噸公里(tkm),交通部運輸研究所,2014
營業小貨車(汽油),0.6259,延噸公里(tkm),交通部運輸研究所,2014
自用小貨車(柴油),0.693,延噸公里(tkm),交通部運輸研究所,2014
自用小貨車(汽油),0.7393,延噸公里(tkm),交通部運輸研究所,2014
自用大貨車(柴油),0.2235,延噸公里(tkm),交通部運輸研究所,2014
營業遊覽車(柴油),0.0441,延人公里(pkm),交通部運輸研究所,2014
食用醋(糯米醋),0.42,公斤(kg),衛生福利部食品藥物管理署,2014
食用醋(酒粕醋),0.68,公斤(kg),衛生福利部食品藥物管理署,2014
液化石油氣(於固定源使用，2012),2.09,公升(L),環境部,2014
國際會議(交通),0,每人,國際貿易局,2014
國際會議,3.31,每人‧每小時,國際貿易局,2014
國際展覽(交通),0,每人,國際貿易局,2014
國際展覽,0,每平方米‧每小時,國際貿易局,2014
廢棄物固化清理服務(南部科學工業園區-台南園區),649.1,公噸(mt),南部科學工業園區管局台南園區資源再生中心,2014
廢棄物物化清理服務(南部科學工業園區-台南園區),122.78,公噸(mt),南部科學工業園區管局台南園區資源再生中心,2014
廢棄物焚化清理服務(南部科學工業園區-台南園區),737.14,公噸(mt),南部科學工業園區管局台南園區資源再生中心,2014
廢棄物掩埋清理服務(南部科學工業園區-台南園區),7.07,公噸(mt),南部科學工業園區管局台南園區資源再生中心,2014
廢棄物清除處理服務(南部科學工業園區-台南園區),715.79,公噸(mt),南部科學工業園區管局台南園區資源再生中心,2014
再生料-廢汽車-碎鐵(鋼),0.3268,公斤(kg),環境部,2014
再生料-廢機車-碎鐵(鋼),0.3025,公斤(kg),環境部,2014
車用汽油(於移動源使用，2012),3.1,公升(L),環境部,2014
車用汽油(於固定源使用，2012),3,公升(L),環境部,2014
車用汽油(未燃燒，2012),0.65,公升(L),環境部,2014
